progrm_file_nm,url
EgovCcmCmmnClCodeList,/cmm/sym/ccm/EgovCcmCmmnClCodeList.do
EgovQustnrManageList,/uss/olp/qmc/EgovQustnrManageList.do
FaqListInqire,/uss/olh/faq/EgovFaqList.do
CnsltListInqire,/uss/olp/cns/EgovCnsltListInqire.do
EgovQustnrTmplatManageList,/uss/olp/qtm/EgovQustnrTmplatManageList.do
EgovDiaryManageList,/cop/smt/dsm/EgovDiaryManageList.do
EgovVcatnConfmList,/uss/ion/vct/EgovVcatnConfmList.do
EgovProgramChgHstListSelect,/sym/prm/EgovProgramChgHst.do
EgovEntrprsMberManage,/uss/umt/EgovEntrprsMberManage.do
EgovGroupList,/sec/gmt/EgovGroupManage.do
EgovQustnrRespondManageList,/uss/olp/qrm/EgovQustnrRespondManageList.do
EgovTnextrlHrInfoList,/uss/ion/ecc/EgovTnextrlHrList.do
EgovQustnrItemManageList,/uss/olp/qim/EgovQustnrItemManageList.do
EgovVcatnManageList,/uss/ion/vct/EgovVcatnManageList.do
EgovEventCmpgnList,/uss/ion/ecc/EgovEventCmpgnList.do
EgovCcmZipList,/cmm/sym/zip/EgovCcmZipList.do
EgovRwardConfmList,/uss/ion/rwd/EgovRwardConfmList.do
EgovQustnrQestnManageList,/uss/olp/qqm/EgovQustnrQestnManageList.do
EgovComDamSpecialistList,/dam/spe/spe/EgovComDamSpecialistList.do
EgovSiteMapng,/sym/mnu/stm/EgovSiteMapng.do
EgovCcmCmmnDetailCodeList,/cmm/sym/ccm/EgovCcmCmmnDetailCodeList.do
getBackupOpertList,/sym/sym/bak/EgovBackupOpertList.do
EgovAllSchdulManageList,/cop/smt/sam/EgovAllSchdulManageList.do
EgovMenuListSelect,/sym/mnu/mpm/EgovMenuManage.do
EgovProgramListManageSelect,/sym/prm/EgovProgramListManage.do
EgovAuthorGroupList,/sec/rgm/EgovAuthorGroupManage.do
EgovMenuCreatManageSelect,/sym/mnu/mcm/EgovMenuCreatManage.do
EgovComDamPersonalList,/dam/per/EgovComDamPersonalList.do
EgovComDamMapTeamList,/dam/map/tea/EgovComDamMapTeamList.do
EgovEventRcrptManageList,/uss/ion/evt/EgovEventRceptManageList.do
EgovBndtManageList,/uss/ion/bnt/EgovBndtManageList.do
EgovComDamManagementList,/dam/mgm/EgovComDamManagementList.do
EgovComDamAppraisalList,/dam/app/EgovComDamAppraisalList.do
EgovMberManage,/uss/umt/EgovMberManage.do
EgovComUtlProcessMonList,/utl/sys/prm/EgovComUtlProcessMonList.do
EgovRestdeList,/sym/cal/EgovRestdeList.do
EgovDeptAuthorList,/sec/ram/EgovAuthorManage.do
EgovCcmAdministCodeList,/sym/ccm/adc/EgovCcmAdministCodeList.do
EgovIndvdlpgeCntntsList,/uss/mpe/EgovIndvdlPgeList.do
EgovBndtCeckManageList,/uss/ion/bnt/EgovBndtCeckManageList.do
CnsltAnswerListInqire,/uss/olp/cns/EgovCnsltAnswerListInqire.do
EgovProgramChangeRequstProcessListSelect,/sym/prm/EgovProgramChangeRequstProcess.do
EgovIndvdlSchdulManageList,/cop/smt/sim/EgovIndvdlSchdulManageList.do
insertSndngMailView,/cop/ems/EgovMailRegist.do
selectAnnvrsryMainList,/uss/ion/ans/EgovAnnvrsryMainList.do
selectBBSUseInfs,/cop/bbs/EgovArticleList.do
getBackupResultList,/sym/sym/bak/EgovBackupResultList.do
selectLeaderSchdulList,/cop/smt/lsm/EgovLeaderSchdulDailyList.do
OnlineManualUserList,/uss/olh/omm/EgovOnlineManualUserList.do
selectConectStats,/sts/cst/EgovConectStats.do
listAdministrationWord,/uss/olh/awm/EgovAdministrationWordDetail.do
SelectLoginLogList,/sym/log/clg/EgovLoginLogDetail.do
selectDeptJobBxList,/cop/smt/djm/EgovDeptJobBxList.do
selectCtsnnManageList,/uss/ion/ctn/EgovCtsnnManageList.do
listOnlineManual,/uss/olh/omn/EgovOnlineManualDetail.do
listPopup,/cop/com/EgovTemplateInqirePopup.do
listOnlinePollPartcptn,/uss/olp/opp/EgovOnlinePollPartcptnList.do
selectBannerMainList,/uss/ion/bnr/EgovBannerMainList.do
listRecentSrchwrd,/uss/ion/rsm/EgovRecentSrchwrdDetail.do
NewsInfoListInqire,/uss/ion/nws/EgovNewsList.do
listWikiBookmark,/uss/ion/wik/bmk/EgovWikiBookmarkList.do
listUnityLink,/uss/ion/ulm/EgovUnityLinkDetail.do
selectDeptJobList,/cop/smt/djm/EgovDeptJobBxList.do
selectFileSysMntrngList,/utl/sys/fsm/EgovFileSysMntrngDetail.do
registEgovNoteManage,/uss/ion/ntm/EgovNoteManage.do
listIndvdlInfoPolicy,/uss/sam/ipm/EgovIndvdlInfoPolicyDetail.do
SelectBBSMasterInfs,/cop/bbs/EgovBBSMasterList.do
listNoteRecptn,/uss/ion/ntr/EgovNoteRecptnDetail.do
selectBkmkMenuManageList,/sym/mnu/bmm/EgovBkmkMenuManageList.do
selectBannerList,/uss/ion/bnr/EgovBannerList.do
HpcmListInqire,/uss/olh/hpc/EgovHpcmList.do
listRssTagManage,/uss/ion/rss/EgovRssTagManageDetail.do
getBatchOpertList,/sym/bat/EgovBatchOpertList.do
listRequestOffer,/dam/spe/req/EgovComDamRequestOfferDetail.do
selectCmmntyInfs,/cop/cmy/EgovCommuMain.do
QnaListInqire,/uss/olh/qna/EgovQnaList.do
getCntcMessageList,/ssi/syi/ims/EgovCntcMessageList.do
getCntcInsttList,/ssi/syi/iis/EgovCntcInsttList.do
selectIntnetSvcGuidanceList,/uss/ion/isg/EgovIntnetSvcGuidanceList.do
selectBbsStats,/sts/EgovBbsStats.do
loginSessionView,/utl/sys/rsc/EgovLoginSesionCheck.do
getInsttCodeRecptnList,/sym/ccm/icr/EgovInsttCodeRecptnList.do
getBatchResultList,/sym/bat/EgovBatchResultList.do
selectAnnvrsryManageList,/uss/ion/ans/EgovAnnvrsryManageBndeListPop.do
getSystemCntcList,/ssi/syi/sim/EgovSystemCntcList.do
getDbMntrngList,/utl/sys/dbm/EgovDbMntrngList.do
listOnlinePollManage,/uss/olp/opm/EgovOnlinePollManageDetail.do
StplatListInqire,/uss/sam/stp/EgovStplatListInqire.do
selectProxySvcList,/utl/sys/pxy/EgovProxySvcDetail.do
SelectSysHistoryList,/sym/log/slg/EgovSysHistList.do
selectScrapList,/cop/scp/EgovArticleScrapDetail.do
selectMemoReprtList,/cop/smt/mrm/EgovMemoReprtDetail.do
egovLoginUsr,/uat/uia/EgovLoginUsr.do
selectLoginPolicyList,/uat/uap/EgovLoginPolicyList.do
EgovUserManage,/cmm/uss/umt/EgovUserManage.do
EgovMeetingManageList,/uss/olp/mgt/EgovMeetingManageList.do
selectServerList,/sym/sym/srv/EgovServerDetail.do
CpyrhtPrtcPolicyListInqire,/uss/sam/cpy/EgovCpyrhtPrtcPolicyListInqire.do
EgovRoleList,/sec/rmt/EgovRoleManage.do
selectUserStats,/sts/ust/EgovUserStats.do
selectRwardManageList,/uss/ion/rwd/EgovRwardManageList.do
QnaAnswerListInqire,/uss/olh/qna/EgovQnaAnswerList.do
selectSmsList,/cop/sms/EgovSmsInfoList.do
selectTroblReqstList,/sym/tbm/tbr/EgovTroblReqstDetail.do
selectDeptManageListView,/uss/umt/EgovDeptManageList.do
selectAdbkList,/cop/adb/EgovAddressBookList.do
selectSynchrnServerList,/utl/sys/ssy/EgovSynchrnServerDetail.do
SelectWebLogList,/sym/log/wlg/EgovWebLogDetail.do
selectNtwrkSvcMntrngList,/utl/sys/nsm/EgovNtwrkSvcMntrngDetail.do
selectLoginScrinImageList,/uss/ion/lsi/EgovLoginScrinImageList.do
selectWikMnthngReprtList,/cop/smt/wmr/EgovWikMnthngReprtDetail.do
selectServerEqpmnList,/sym/sym/srv/EgovServerEqpmnDetail.do
EgovAuthorList,/sec/ram/EgovAuthorManage.do
selectSndngMailList,/cop/ems/EgovMailDtls.do
selectMainImageList,/uss/ion/msi/EgovMainImageList.do
EgovDeptSchdulManageList,/cop/smt/sdm/EgovDeptSchdulManageList.do
selectMemoTodoList,/cop/smt/mtm/EgovMemoTodoDetail.do
selectReprtStatsListView,/sts/rst/EgovReprtStatsList.do
selectUserAbsnceListView,/uss/ion/uas/EgovUserAbsnceList.do
SelectSysLogList,/sym/log/lgm/EgovSysLogDetail.do
selectNcrdInfs,/cop/ncm/EgovNcrdList.do
listAdministrationWordManage,/uss/olh/awm/EgovAdministrationWordManageDetail.do
selectTwitterMain,/uss/ion/tir/EgovTwitterMain.do
selectMtgPlaceResveManageList,/uss/ion/mtg/EgovMtgPlaceResveManageList.do
WordDicaryListInqire,/uss/olh/wor/EgovWordDicaryList.do
EgovQustnrRespondInfoManageList,/uss/olp/qnn/EgovQustnrRespondInfoManageList.do
selectMyNcrdUseInf,/cop/ncm/EgovMyNcrdList.do
selectDtaUseStatsList,/sts/dst/EgovDtaUseStatsDetail.do
SelectTrsmrcvLogList,/sym/log/tlg/EgovTrsmrcvLogInqire.do
selectScrinStats,/sts/sst/EgovScrinStats.do
selectTemplateInfs,/cop/com/EgovTemplateInqirePopup.do
SiteListInqire,/uss/ion/sit/EgovSiteList.do
RecomendSiteListInqire,/uss/ion/rec/EgovRecomendSiteList.do
selectNotificationList,/uss/ion/noi/EgovNotificationData.do
getMainImageResult,/uss/ion/msi/EgovMainImageView.do
listRssTagService,/uss/ion/rsn/EgovRssTagService.do
listNoteTrnsmit,/uss/ion/nts/EgovNoteTrnsmitCnfirm.do
selectMtgPlaceManageList,/uss/ion/mtg/EgovMtgPlaceManageList.do
EgovCtsnnConfmList,/uss/ion/ctn/EgovCtsnnConfmList.do
EgovEventReqstManageList,/uss/ion/evt/EgovEventReqstManageList.do
selectEventRceptConfmList,/uss/ion/evt/EgovEventRceptConfm.do
EgovCcmCmmnCodeList,/cmm/sym/ccm/EgovCcmCmmnCodeList.do
SelectUserLogList,/sym/log/ulg/EgovUserLogDetail.do
EgovMenuManageSelect,/sym/mnu/mpm/EgovMenuManage.do
EgovProgramChangeRequstSelect,/sym/prm/EgovProgramChangeRequst.do
getBatchSchdulList,/sym/bat/EgovBatchSchdulList.do
selectNtwrkList,/sym/sym/nwk/EgovNtwrkDetail.do
selectTroblProcessList,/sym/tbm/tbp/EgovTroblProcessList.do
getCntcSttusList,/ssi/syi/ist/EgovCntcSttusList.do
EgovComDamMapMaterialList,/dam/map/mat/EgovComDamMapMaterialList.do
getTrsmrcvMntrngList,/utl/sys/trm/EgovTrsmrcvMntrngList.do
EgovComUtlHttpMonList,/utl/sys/htm/EgovComUtlHttpMonList.do
selectMntrngServerList,/utl/sys/srm/EgovMntrngServerList.do
